file_urls,type,model,product,url,source,brand,product_lang
https://www.ld-systems.com/en/downloads/file/id/-1144002133,User´s Manual,U308 HHD 2,Wireless Systems with Bodypack and Headset,https://www.ld-systems.com/en/widgets/SupportAndDownloads,ld-systems.com,LD Systems,en
https://www.ld-systems.com/en/downloads/file/id/-1843746463,User´s Manual,MAUI 44 G2 SUB,Accessories for PA Systems,https://www.ld-systems.com/en/widgets/SupportAndDownloads,ld-systems.com,LD Systems,en
https://www.ld-systems.com/en/downloads/file/id/160453951,User´s Manual,MAUI® 44 G2 W,Loudspeakers,https://www.ld-systems.com/en/widgets/SupportAndDownloads,ld-systems.com,LD Systems,en
https://www.ld-systems.com/en/downloads/file/id/-778631343,User´s Manual,MAILA SUB,PA Loudspeakers,https://www.ld-systems.com/en/widgets/SupportAndDownloads,ld-systems.com,LD Systems,en
https://www.ld-systems.com/en/downloads/file/id/-1095466799,User´s Manual,MAILA SPA,Loudspeakers,https://www.ld-systems.com/en/widgets/SupportAndDownloads,ld-systems.com,LD Systems,en
https://www.ld-systems.com/en/downloads/file/id/-731944819,User´s Manual,MAILA SAT,Loudspeakers,https://www.ld-systems.com/en/widgets/SupportAndDownloads,ld-systems.com,LD Systems,en
https://www.ld-systems.com/en/downloads/file/id/-1860049412,User´s Manual,ICOA SUB 18 A,Loudspeakers,https://www.ld-systems.com/en/widgets/SupportAndDownloads,ld-systems.com,LD Systems,en
https://www.ld-systems.com/en/downloads/file/id/-407226121,User´s Manual,MAUI 5 GO 100,Loudspeakers,https://www.ld-systems.com/en/widgets/SupportAndDownloads,ld-systems.com,LD Systems,en
https://www.ld-systems.com/en/downloads/file/id/1555669631,User´s Manual,MAUI 5 GO 100 W,Loudspeakers,https://www.ld-systems.com/en/widgets/SupportAndDownloads,ld-systems.com,LD Systems,en
https://www.ld-systems.com/en/downloads/file/id/-1639153839,User´s Manual,MAILA COL,Loudspeakers,https://www.ld-systems.com/en/widgets/SupportAndDownloads,ld-systems.com,LD Systems,en
https://www.ld-systems.com/en/downloads/file/id/703778524,User´s Manual,ICOA SUB 15 A,Loudspeakers,https://www.ld-systems.com/en/widgets/SupportAndDownloads,ld-systems.com,LD Systems,en
https://www.ld-systems.com/en/downloads/file/id/475557258,User´s Manual,ICOA 12 A BT W,Loudspeakers,https://www.ld-systems.com/en/widgets/SupportAndDownloads,ld-systems.com,LD Systems,en
https://www.ld-systems.com/en/downloads/file/id/1726383597,User´s Manual,ICOA 12 A W,Loudspeakers,https://www.ld-systems.com/en/widgets/SupportAndDownloads,ld-systems.com,LD Systems,en
https://www.ld-systems.com/en/downloads/file/id/-415741174,User´s Manual,ICOA 15 W,Loudspeakers,https://www.ld-systems.com/en/widgets/SupportAndDownloads,ld-systems.com,LD Systems,en
https://www.ld-systems.com/en/downloads/file/id/-1962806678,User´s Manual,ICOA 15,Loudspeakers,https://www.ld-systems.com/en/widgets/SupportAndDownloads,ld-systems.com,LD Systems,en
https://www.ld-systems.com/en/downloads/file/id/499303312,User´s Manual,ICOA 12 W,Loudspeakers,https://www.ld-systems.com/en/widgets/SupportAndDownloads,ld-systems.com,LD Systems,en
https://www.ld-systems.com/en/downloads/file/id/647401226,User´s Manual,ICOA 12,Loudspeakers,https://www.ld-systems.com/en/widgets/SupportAndDownloads,ld-systems.com,LD Systems,en
https://www.ld-systems.com/en/downloads/file/id/1631390384,User´s Manual,MAUI® 44 G2,Loudspeakers,https://www.ld-systems.com/en/widgets/SupportAndDownloads,ld-systems.com,LD Systems,en
https://www.ld-systems.com/en/downloads/file/id/-187771531,User´s Manual,ICOA 15 A BT,Loudspeakers,https://www.ld-systems.com/en/widgets/SupportAndDownloads,ld-systems.com,LD Systems,en
https://www.ld-systems.com/en/downloads/file/id/969130833,User´s Manual,ICOA 15 A,Loudspeakers,https://www.ld-systems.com/en/widgets/SupportAndDownloads,ld-systems.com,LD Systems,en
https://www.ld-systems.com/en/downloads/file/id/564193083,User´s Manual,ICOA 12 A BT,Loudspeakers,https://www.ld-systems.com/en/widgets/SupportAndDownloads,ld-systems.com,LD Systems,en
https://www.ld-systems.com/en/downloads/file/id/-1565783209,User´s Manual,ICOA 12 A,Loudspeakers,https://www.ld-systems.com/en/widgets/SupportAndDownloads,ld-systems.com,LD Systems,en
https://www.ld-systems.com/en/downloads/file/id/1468117883,User´s Manual,MAUI P900 W,Loudspeakers,https://www.ld-systems.com/en/widgets/SupportAndDownloads,ld-systems.com,LD Systems,en
https://www.ld-systems.com/en/downloads/file/id/-89507941,User´s Manual,MAUI P900 G,Loudspeakers,https://www.ld-systems.com/en/widgets/SupportAndDownloads,ld-systems.com,LD Systems,en
https://www.ld-systems.com/en/downloads/file/id/497475813,User´s Manual,MAUI P900 B,Loudspeakers,https://www.ld-systems.com/en/widgets/SupportAndDownloads,ld-systems.com,LD Systems,en
https://www.ld-systems.com/en/downloads/file/id/-980141033,User´s Manual,STINGER 8 A G3 WMB 1,Loudspeakers,https://www.ld-systems.com/en/widgets/SupportAndDownloads,ld-systems.com,LD Systems,en
https://www.ld-systems.com/en/downloads/file/id/-767102014,User´s Manual,CURV 500 WM BL W,Loudspeakers,https://www.ld-systems.com/en/widgets/SupportAndDownloads,ld-systems.com,LD Systems,en
https://www.ld-systems.com/en/downloads/file/id/-1382831950,User´s Manual,CURV 500 WM BL,Loudspeakers,https://www.ld-systems.com/en/widgets/SupportAndDownloads,ld-systems.com,LD Systems,en
https://www.ld-systems.com/en/downloads/file/id/-1656235086,User´s Manual,STINGER 28 G3,Loudspeakers,https://www.ld-systems.com/en/widgets/SupportAndDownloads,ld-systems.com,LD Systems,en
https://www.ld-systems.com/en/downloads/file/id/-1258895806,User´s Manual,STINGER 28 A G3,Loudspeakers,https://www.ld-systems.com/en/widgets/SupportAndDownloads,ld-systems.com,LD Systems,en
https://www.ld-systems.com/en/downloads/file/id/-1236839254,User´s Manual,STINGER G3 WMB 1,Loudspeakers,https://www.ld-systems.com/en/widgets/SupportAndDownloads,ld-systems.com,LD Systems,en
https://www.ld-systems.com/en/downloads/file/id/-837341105,User´s Manual,STINGER 8 G3 WMB 1,Loudspeakers,https://www.ld-systems.com/en/widgets/SupportAndDownloads,ld-systems.com,LD Systems,en
https://www.ld-systems.com/en/downloads/file/id/-959675406,User´s Manual,STINGER G3 WMB,Loudspeakers,https://www.ld-systems.com/en/widgets/SupportAndDownloads,ld-systems.com,LD Systems,en
https://www.ld-systems.com/en/downloads/file/id/781160499,User´s Manual,STINGER 8 G3 WMB,Loudspeakers,https://www.ld-systems.com/en/widgets/SupportAndDownloads,ld-systems.com,LD Systems,en
https://www.ld-systems.com/en/downloads/file/id/401999626,User´s Manual,STINGER 8 G3,Loudspeakers,https://www.ld-systems.com/en/widgets/SupportAndDownloads,ld-systems.com,LD Systems,en
https://www.ld-systems.com/en/downloads/file/id/-1840641858,User´s Manual,DDQ 12,Loudspeakers,https://www.ld-systems.com/en/widgets/SupportAndDownloads,ld-systems.com,LD Systems,en
https://www.ld-systems.com/en/downloads/file/id/-1093200341,User´s Manual,U308 R2,Wireless Systems & Microphones,https://www.ld-systems.com/en/widgets/SupportAndDownloads,ld-systems.com,LD Systems,en
https://www.ld-systems.com/en/downloads/file/id/-1511410709,User´s Manual,U306 R2,Wireless Systems & Microphones,https://www.ld-systems.com/en/widgets/SupportAndDownloads,ld-systems.com,LD Systems,en
https://www.ld-systems.com/en/downloads/file/id/205311723,User´s Manual,U306 HHD 2,Wireless Systems & Microphones,https://www.ld-systems.com/en/widgets/SupportAndDownloads,ld-systems.com,LD Systems,en
https://www.ld-systems.com/en/downloads/file/id/159459179,User´s Manual,U308 BPH 2,Wireless Systems & Microphones,https://www.ld-systems.com/en/widgets/SupportAndDownloads,ld-systems.com,LD Systems,en
https://www.ld-systems.com/en/downloads/file/id/426967755,User´s Manual,U305 R2,Wireless Systems & Microphones,https://www.ld-systems.com/en/widgets/SupportAndDownloads,ld-systems.com,LD Systems,en
https://www.ld-systems.com/en/downloads/file/id/1508773035,User´s Manual,U306 BPH 2,Wireless Systems & Microphones,https://www.ld-systems.com/en/widgets/SupportAndDownloads,ld-systems.com,LD Systems,en
https://www.ld-systems.com/en/downloads/file/id/879968651,User´s Manual,U305 HHD 2,Wireless Systems & Microphones,https://www.ld-systems.com/en/widgets/SupportAndDownloads,ld-systems.com,LD Systems,en
https://www.ld-systems.com/en/downloads/file/id/-2111537333,User´s Manual,U305 BPH 2,Wireless Systems & Microphones,https://www.ld-systems.com/en/widgets/SupportAndDownloads,ld-systems.com,LD Systems,en
https://www.ld-systems.com/en/downloads/file/id/-2089176576,User´s Manual,U508 BPL 2,Wireless Systems & Microphones,https://www.ld-systems.com/en/widgets/SupportAndDownloads,ld-systems.com,LD Systems,en
https://www.ld-systems.com/en/downloads/file/id/-9066688,User´s Manual,U506 BPL 2,Wireless Systems & Microphones,https://www.ld-systems.com/en/widgets/SupportAndDownloads,ld-systems.com,LD Systems,en
https://www.ld-systems.com/en/downloads/file/id/1740683635,User´s manual,U518 HBH 2,Wireless Systems & Microphones,https://www.ld-systems.com/en/widgets/SupportAndDownloads,ld-systems.com,LD Systems,en
https://www.ld-systems.com/en/downloads/file/id/2091026752,User´s manual,U506 HBH 2,Wireless Systems & Microphones,https://www.ld-systems.com/en/widgets/SupportAndDownloads,ld-systems.com,LD Systems,en
https://www.ld-systems.com/en/downloads/file/id/-1163885600,User´s manual,U505 HBH 2,Wireless Systems & Microphones,https://www.ld-systems.com/en/widgets/SupportAndDownloads,ld-systems.com,LD Systems,en
https://www.ld-systems.com/en/downloads/file/id/10916864,User´s manual,U508 HBH 2,Wireless Systems & Microphones,https://www.ld-systems.com/en/widgets/SupportAndDownloads,ld-systems.com,LD Systems,en
https://www.ld-systems.com/en/downloads/file/id/161484990,User´s manual,U506 UK BPW,Wireless Systems & Microphones,https://www.ld-systems.com/en/widgets/SupportAndDownloads,ld-systems.com,LD Systems,en
https://www.ld-systems.com/en/downloads/file/id/1158132162,User´s Manual,WIN 42 BPH,Wireless Systems & Microphones,https://www.ld-systems.com/en/widgets/SupportAndDownloads,ld-systems.com,LD Systems,en
https://www.ld-systems.com/en/downloads/file/id/-654648845,User´s Manual,VIBZ 24 DC,VIBZ Series,https://www.ld-systems.com/en/widgets/SupportAndDownloads,ld-systems.com,LD Systems,en
https://www.ld-systems.com/en/downloads/file/id/1365054515,User´s Manual,U308 IEM T,U300® IEM Series,https://www.ld-systems.com/en/widgets/SupportAndDownloads,ld-systems.com,LD Systems,en
https://www.ld-systems.com/en/downloads/file/id/-2119751949,User´s Manual,U308 IEM R,U300® IEM Series,https://www.ld-systems.com/en/widgets/SupportAndDownloads,ld-systems.com,LD Systems,en
https://www.ld-systems.com/en/downloads/file/id/1594545755,User´s Manual,U308 IEM HP,U300® IEM Series,https://www.ld-systems.com/en/widgets/SupportAndDownloads,ld-systems.com,LD Systems,en
https://www.ld-systems.com/en/downloads/file/id/1423951603,User´s Manual,U306 IEM T,U300® IEM Series,https://www.ld-systems.com/en/widgets/SupportAndDownloads,ld-systems.com,LD Systems,en
https://www.ld-systems.com/en/downloads/file/id/2001196631,User´s Manual,U306 IEM HP,U300® IEM Series,https://www.ld-systems.com/en/widgets/SupportAndDownloads,ld-systems.com,LD Systems,en
https://www.ld-systems.com/en/downloads/file/id/-2090445227,User´s Manual,U305 IEM HP,U300® IEM Series,https://www.ld-systems.com/en/widgets/SupportAndDownloads,ld-systems.com,LD Systems,en
https://www.ld-systems.com/en/downloads/file/id/-1499099309,User´s Manual,U304.7 IEM HP,U300® IEM Series,https://www.ld-systems.com/en/widgets/SupportAndDownloads,ld-systems.com,LD Systems,en
https://www.ld-systems.com/en/downloads/file/id/1255405675,User´s Manual,U308 IEM,U300® IEM Series,https://www.ld-systems.com/en/widgets/SupportAndDownloads,ld-systems.com,LD Systems,en
https://www.ld-systems.com/en/downloads/file/id/-2060854861,User´s Manual,U306 IEM R,U300® IEM Series,https://www.ld-systems.com/en/widgets/SupportAndDownloads,ld-systems.com,LD Systems,en
https://www.ld-systems.com/en/downloads/file/id/-694083501,User´s Manual,U305 IEM T,U300® IEM Series,https://www.ld-systems.com/en/widgets/SupportAndDownloads,ld-systems.com,LD Systems,en
https://www.ld-systems.com/en/downloads/file/id/116077331,User´s Manual,U305 IEM R,U300® IEM Series,https://www.ld-systems.com/en/widgets/SupportAndDownloads,ld-systems.com,LD Systems,en
https://www.ld-systems.com/en/downloads/file/id/1210642151,User´s Manual,U306 IEM,U300® IEM Series,https://www.ld-systems.com/en/widgets/SupportAndDownloads,ld-systems.com,LD Systems,en
https://www.ld-systems.com/en/downloads/file/id/1188260389,User´s Manual,U305 IEM,U300® IEM Series,https://www.ld-systems.com/en/widgets/SupportAndDownloads,ld-systems.com,LD Systems,en
https://www.ld-systems.com/en/downloads/file/id/-1109527841,User´s Manual,U508 IEM HP,U500® IEM Series,https://www.ld-systems.com/en/widgets/SupportAndDownloads,ld-systems.com,LD Systems,en
https://www.ld-systems.com/en/downloads/file/id/1508506251,User´s Manual,U508 IEM R,U500® IEM Series,https://www.ld-systems.com/en/widgets/SupportAndDownloads,ld-systems.com,LD Systems,en
https://www.ld-systems.com/en/downloads/file/id/1589146955,User´s Manual,U508 IEM T,U500® IEM Series,https://www.ld-systems.com/en/widgets/SupportAndDownloads,ld-systems.com,LD Systems,en
https://www.ld-systems.com/en/downloads/file/id/-1437147189,User´s Manual,U506 IEM R,U500® IEM Series,https://www.ld-systems.com/en/widgets/SupportAndDownloads,ld-systems.com,LD Systems,en
https://www.ld-systems.com/en/downloads/file/id/-1187964891,User´s Manual,U505 IEM HP,U500® IEM Series,https://www.ld-systems.com/en/widgets/SupportAndDownloads,ld-systems.com,LD Systems,en
https://www.ld-systems.com/en/downloads/file/id/-1356506485,User´s Manual,U506 IEM T,U500® IEM Series,https://www.ld-systems.com/en/widgets/SupportAndDownloads,ld-systems.com,LD Systems,en
https://www.ld-systems.com/en/downloads/file/id/-1775761073,User´s Manual,U508 IEM,U500® IEM Series,https://www.ld-systems.com/en/widgets/SupportAndDownloads,ld-systems.com,LD Systems,en
https://www.ld-systems.com/en/downloads/file/id/-1496504749,User´s Manual,U506 IEM,U500® IEM Series,https://www.ld-systems.com/en/widgets/SupportAndDownloads,ld-systems.com,LD Systems,en
https://www.ld-systems.com/en/downloads/file/id/-762490261,User´s Manual,U505 IEM R,U500® IEM Series,https://www.ld-systems.com/en/widgets/SupportAndDownloads,ld-systems.com,LD Systems,en
https://www.ld-systems.com/en/downloads/file/id/-681849557,User´s Manual,U505 IEM T,U500® IEM Series,https://www.ld-systems.com/en/widgets/SupportAndDownloads,ld-systems.com,LD Systems,en
https://www.ld-systems.com/en/downloads/file/id/-1356876587,User´s Manual,U505 IEM,U500® IEM Series,https://www.ld-systems.com/en/widgets/SupportAndDownloads,ld-systems.com,LD Systems,en
https://www.ld-systems.com/en/downloads/file/id/-910544119,User´s Manual,VIBZ 8 DC,VIBZ Series,https://www.ld-systems.com/en/widgets/SupportAndDownloads,ld-systems.com,LD Systems,en
https://www.ld-systems.com/en/downloads/file/id/-2106296045,User´s Manual,VIBZ 6 D,VIBZ Series,https://www.ld-systems.com/en/widgets/SupportAndDownloads,ld-systems.com,LD Systems,en
https://www.ld-systems.com/en/downloads/file/id/-157644316,User´s Manual,VIBZ 6 D,VIBZ Series,https://www.ld-systems.com/en/widgets/SupportAndDownloads,ld-systems.com,LD Systems,en
https://www.ld-systems.com/en/downloads/file/id/1391064331,User´s Manual,VIBZ 6,VIBZ Series,https://www.ld-systems.com/en/widgets/SupportAndDownloads,ld-systems.com,LD Systems,en
https://www.ld-systems.com/en/downloads/file/id/342208339,User´s Manual,VIBZ 12 DC,VIBZ Series,https://www.ld-systems.com/en/widgets/SupportAndDownloads,ld-systems.com,LD Systems,en
https://www.ld-systems.com/en/downloads/file/id/-614487953,User´s Manual,VIBZ 10 C,VIBZ Series,https://www.ld-systems.com/en/widgets/SupportAndDownloads,ld-systems.com,LD Systems,en
https://www.ld-systems.com/en/downloads/file/id/1382945999,User´s Manual,ZONE X 1208 D,ZONE X Series,https://www.ld-systems.com/en/widgets/SupportAndDownloads,ld-systems.com,LD Systems,en
https://www.ld-systems.com/en/downloads/file/id/-888056205,User´s Manual,ZONE X 1208,ZONE X Series,https://www.ld-systems.com/en/widgets/SupportAndDownloads,ld-systems.com,LD Systems,en
https://www.ld-systems.com/en/downloads/file/id/-2047020026,User´s Manual,ROADBUDDY 10 BASIC,ROAD Series,https://www.ld-systems.com/en/widgets/SupportAndDownloads,ld-systems.com,LD Systems,en
https://www.ld-systems.com/en/downloads/file/id/-140654816,User´s Manual,ROADBUDDY 10 HHD 2 B5,ROAD Series,https://www.ld-systems.com/en/widgets/SupportAndDownloads,ld-systems.com,LD Systems,en
https://www.ld-systems.com/en/downloads/file/id/-1712493472,User´s Manual,ROADBUDDY 10 HBH 2 B5,ROAD Series,https://www.ld-systems.com/en/widgets/SupportAndDownloads,ld-systems.com,LD Systems,en
https://www.ld-systems.com/en/downloads/file/id/558265600,User´s Manual,ROADBUDDY 10 HHD 2 B6,ROAD Series,https://www.ld-systems.com/en/widgets/SupportAndDownloads,ld-systems.com,LD Systems,en
https://www.ld-systems.com/en/downloads/file/id/-2028301888,User´s Manual,ROADBUDDY 10 HHD 2,ROAD Series,https://www.ld-systems.com/en/widgets/SupportAndDownloads,ld-systems.com,LD Systems,en
https://www.ld-systems.com/en/downloads/file/id/-1013573056,User´s Manual,ROADBUDDY 10 HBH 2 B6,ROAD Series,https://www.ld-systems.com/en/widgets/SupportAndDownloads,ld-systems.com,LD Systems,en
https://www.ld-systems.com/en/downloads/file/id/-1140813440,User´s Manual,ROADBUDDY 10 HBH 2,ROAD Series,https://www.ld-systems.com/en/widgets/SupportAndDownloads,ld-systems.com,LD Systems,en
https://www.ld-systems.com/en/downloads/file/id/-101808192,User´s Manual,ROADBUDDY 10 BPH 2 B6,ROAD Series,https://www.ld-systems.com/en/widgets/SupportAndDownloads,ld-systems.com,LD Systems,en
https://www.ld-systems.com/en/downloads/file/id/781785555,User´s Manual,DSP 45 K RACK,DSP Series,https://www.ld-systems.com/en/widgets/SupportAndDownloads,ld-systems.com,LD Systems,en
https://www.ld-systems.com/en/downloads/file/id/-1684498381,User´s Manual,DSP 44 K RACK,DSP Series,https://www.ld-systems.com/en/widgets/SupportAndDownloads,ld-systems.com,LD Systems,en
https://www.ld-systems.com/en/downloads/file/id/842165256,User´s Manual,MAUI 5 GO 100 BC W,MAUI® Series,https://www.ld-systems.com/en/widgets/SupportAndDownloads,ld-systems.com,LD Systems,en
https://www.ld-systems.com/en/downloads/file/id/2044983443,User´s Manual,CURV 500 SECURITY KIT 2 W,CURV 500® Series,https://www.ld-systems.com/en/widgets/SupportAndDownloads,ld-systems.com,LD Systems,en
https://www.ld-systems.com/en/downloads/file/id/650878040,User´s Manual,IMA RK,Series,https://www.ld-systems.com/en/widgets/SupportAndDownloads,ld-systems.com,LD Systems,en
https://www.ld-systems.com/en/downloads/file/id/-111058757,User´s Manual,IPA 424 T,Series,https://www.ld-systems.com/en/widgets/SupportAndDownloads,ld-systems.com,LD Systems,en
https://www.ld-systems.com/en/downloads/file/id/600637369,User´s Manual,IPA 412 T,Series,https://www.ld-systems.com/en/widgets/SupportAndDownloads,ld-systems.com,LD Systems,en
https://www.ld-systems.com/en/downloads/file/id/1276750895,User´s Manual,DQOR 3 W,Series,https://www.ld-systems.com/en/widgets/SupportAndDownloads,ld-systems.com,LD Systems,en
https://www.ld-systems.com/en/downloads/file/id/1181045291,User´s Manual,IMA 60,Series,https://www.ld-systems.com/en/widgets/SupportAndDownloads,ld-systems.com,LD Systems,en
https://www.ld-systems.com/en/downloads/file/id/-138796485,User´s Manual,DQOR 3 T B,Series,https://www.ld-systems.com/en/widgets/SupportAndDownloads,ld-systems.com,LD Systems,en
https://www.ld-systems.com/en/downloads/file/id/-266762991,User´s Manual,DQOR 3 T W,Series,https://www.ld-systems.com/en/widgets/SupportAndDownloads,ld-systems.com,LD Systems,en
https://www.ld-systems.com/en/downloads/file/id/811288527,User´s Manual,DQOR 3 B,Series,https://www.ld-systems.com/en/widgets/SupportAndDownloads,ld-systems.com,LD Systems,en
https://www.ld-systems.com/en/downloads/file/id/-1014316593,User´s Manual,DQOR 8 W,Series,https://www.ld-systems.com/en/widgets/SupportAndDownloads,ld-systems.com,LD Systems,en
https://www.ld-systems.com/en/downloads/file/id/-95513977,User´s Manual,DQOR 8 T W,Series,https://www.ld-systems.com/en/widgets/SupportAndDownloads,ld-systems.com,LD Systems,en
https://www.ld-systems.com/en/downloads/file/id/32452529,User´s Manual,DQOR 8 T B,Series,https://www.ld-systems.com/en/widgets/SupportAndDownloads,ld-systems.com,LD Systems,en
https://www.ld-systems.com/en/downloads/file/id/1219317359,User´s Manual,DQOR 5 W,Series,https://www.ld-systems.com/en/widgets/SupportAndDownloads,ld-systems.com,LD Systems,en
https://www.ld-systems.com/en/downloads/file/id/-1479778961,User´s Manual,DQOR 8 B,Series,https://www.ld-systems.com/en/widgets/SupportAndDownloads,ld-systems.com,LD Systems,en
https://www.ld-systems.com/en/downloads/file/id/232808643,User´s Manual,DQOR WMC,Series,https://www.ld-systems.com/en/widgets/SupportAndDownloads,ld-systems.com,LD Systems,en
https://www.ld-systems.com/en/downloads/file/id/1647690039,User´s Manual,DQOR 5 T B,Series,https://www.ld-systems.com/en/widgets/SupportAndDownloads,ld-systems.com,LD Systems,en
https://www.ld-systems.com/en/downloads/file/id/1519723533,User´s Manual,DQOR 5 T W,Series,https://www.ld-systems.com/en/widgets/SupportAndDownloads,ld-systems.com,LD Systems,en
https://www.ld-systems.com/en/downloads/file/id/753854991,User´s Manual,DQOR 5 B,Series,https://www.ld-systems.com/en/widgets/SupportAndDownloads,ld-systems.com,LD Systems,en
https://www.ld-systems.com/en/downloads/file/id/-1170808478,User´s Manual,MAUI 5 GO 100 BC,Series,https://www.ld-systems.com/en/widgets/SupportAndDownloads,ld-systems.com,LD Systems,en
https://www.ld-systems.com/en/downloads/file/id/-1788709903,User´s Manual,IMA 30,Series,https://www.ld-systems.com/en/widgets/SupportAndDownloads,ld-systems.com,LD Systems,en
https://www.ld-systems.com/en/downloads/file/id/1127612753,User´s Manual,ICOA 15 UB W,Series,https://www.ld-systems.com/en/widgets/SupportAndDownloads,ld-systems.com,LD Systems,en
https://www.ld-systems.com/en/downloads/file/id/441809707,User´s Manual,ICOA 15 UB,Series,https://www.ld-systems.com/en/widgets/SupportAndDownloads,ld-systems.com,LD Systems,en
https://www.ld-systems.com/en/downloads/file/id/-498965172,User´s Manual,MAUI i1 W,Series,https://www.ld-systems.com/en/widgets/SupportAndDownloads,ld-systems.com,LD Systems,en
https://www.ld-systems.com/en/downloads/file/id/-343070548,User´s Manual,MAUI i1,Series,https://www.ld-systems.com/en/widgets/SupportAndDownloads,ld-systems.com,LD Systems,en
https://www.ld-systems.com/en/downloads/file/id/957903511,User´s Manual,ICOA 12 UB W,Series,https://www.ld-systems.com/en/widgets/SupportAndDownloads,ld-systems.com,LD Systems,en
https://www.ld-systems.com/en/downloads/file/id/-1184591093,User´s Manual,ICOA 12 UB,Series,https://www.ld-systems.com/en/widgets/SupportAndDownloads,ld-systems.com,LD Systems,en
https://www.ld-systems.com/en/downloads/file/id/1329069739,User´s Manual,U305.1 BPH,Series,https://www.ld-systems.com/en/widgets/SupportAndDownloads,ld-systems.com,LD Systems,en
https://www.ld-systems.com/en/downloads/file/id/1410297867,User´s Manual,U304.7 R,Series,https://www.ld-systems.com/en/widgets/SupportAndDownloads,ld-systems.com,LD Systems,en
https://www.ld-systems.com/en/downloads/file/id/570646901,User´s Manual,U305.1 BP,Series,https://www.ld-systems.com/en/widgets/SupportAndDownloads,ld-systems.com,LD Systems,en
https://www.ld-systems.com/en/downloads/file/id/-2144724725,User´s Manual,U304.7  BPH,Series,https://www.ld-systems.com/en/widgets/SupportAndDownloads,ld-systems.com,LD Systems,en
https://www.ld-systems.com/en/downloads/file/id/102633981,User´s Manual,U300 RK,Series,https://www.ld-systems.com/en/widgets/SupportAndDownloads,ld-systems.com,LD Systems,en
https://www.ld-systems.com/en/downloads/file/id/1956091285,User´s Manual,U308 R,Series,https://www.ld-systems.com/en/widgets/SupportAndDownloads,ld-systems.com,LD Systems,en
https://www.ld-systems.com/en/downloads/file/id/979780619,User´s Manual,U308 MD,Series,https://www.ld-systems.com/en/widgets/SupportAndDownloads,ld-systems.com,LD Systems,en
https://www.ld-systems.com/en/downloads/file/id/-496889799,User´s Manual,U308 HHD,Series,https://www.ld-systems.com/en/widgets/SupportAndDownloads,ld-systems.com,LD Systems,en
https://www.ld-systems.com/en/downloads/file/id/951120259,User´s Manual,U308 BPW,Series,https://www.ld-systems.com/en/widgets/SupportAndDownloads,ld-systems.com,LD Systems,en
https://www.ld-systems.com/en/downloads/file/id/-2016543389,User´s Manual,U308 BPG,Series,https://www.ld-systems.com/en/widgets/SupportAndDownloads,ld-systems.com,LD Systems,en
https://www.ld-systems.com/en/downloads/file/id/584854693,User´s Manual,U308 BPH,Series,https://www.ld-systems.com/en/widgets/SupportAndDownloads,ld-systems.com,LD Systems,en
https://www.ld-systems.com/en/downloads/file/id/-1894454867,User´s Manual,U308 BPL,Series,https://www.ld-systems.com/en/widgets/SupportAndDownloads,ld-systems.com,LD Systems,en
https://www.ld-systems.com/en/downloads/file/id/-23745511,User´s Manual,U306 R,Series,https://www.ld-systems.com/en/widgets/SupportAndDownloads,ld-systems.com,LD Systems,en
https://www.ld-systems.com/en/downloads/file/id/-1315268117,User´s Manual,U308 BP,Series,https://www.ld-systems.com/en/widgets/SupportAndDownloads,ld-systems.com,LD Systems,en
https://www.ld-systems.com/en/downloads/file/id/561570251,User´s Manual,U306 MD,Series,https://www.ld-systems.com/en/widgets/SupportAndDownloads,ld-systems.com,LD Systems,en
https://www.ld-systems.com/en/downloads/file/id/1230376583,User´s Manual,U306 BPW,Series,https://www.ld-systems.com/en/widgets/SupportAndDownloads,ld-systems.com,LD Systems,en
https://www.ld-systems.com/en/downloads/file/id/864111017,User´s Manual,U306 BPH,Series,https://www.ld-systems.com/en/widgets/SupportAndDownloads,ld-systems.com,LD Systems,en
https://www.ld-systems.com/en/downloads/file/id/-1737287065,User´s Manual,U306 BPG,Series,https://www.ld-systems.com/en/widgets/SupportAndDownloads,ld-systems.com,LD Systems,en
https://www.ld-systems.com/en/downloads/file/id/-217633475,User´s Manual,U306 HHD,Series,https://www.ld-systems.com/en/widgets/SupportAndDownloads,ld-systems.com,LD Systems,en
https://www.ld-systems.com/en/downloads/file/id/-1615198543,User´s Manual,U306 BPL,Series,https://www.ld-systems.com/en/widgets/SupportAndDownloads,ld-systems.com,LD Systems,en
https://www.ld-systems.com/en/downloads/file/id/-1013663909,User´s Manual,U305 R,Series,https://www.ld-systems.com/en/widgets/SupportAndDownloads,ld-systems.com,LD Systems,en
https://www.ld-systems.com/en/downloads/file/id/-1733478485,User´s Manual,U306 BP,Series,https://www.ld-systems.com/en/widgets/SupportAndDownloads,ld-systems.com,LD Systems,en
https://www.ld-systems.com/en/downloads/file/id/-1795018581,User´s Manual,U305 MD,Series,https://www.ld-systems.com/en/widgets/SupportAndDownloads,ld-systems.com,LD Systems,en
https://www.ld-systems.com/en/downloads/file/id/1370004745,User´s Manual,U305 BPW,Series,https://www.ld-systems.com/en/widgets/SupportAndDownloads,ld-systems.com,LD Systems,en
https://www.ld-systems.com/en/downloads/file/id/-78005313,User´s Manual,U305 HHD,Series,https://www.ld-systems.com/en/widgets/SupportAndDownloads,ld-systems.com,LD Systems,en
https://www.ld-systems.com/en/downloads/file/id/-1597658903,User´s Manual,U305 BPG,Series,https://www.ld-systems.com/en/widgets/SupportAndDownloads,ld-systems.com,LD Systems,en
https://www.ld-systems.com/en/downloads/file/id/1003739179,User´s Manual,U305 BPH,Series,https://www.ld-systems.com/en/widgets/SupportAndDownloads,ld-systems.com,LD Systems,en
https://www.ld-systems.com/en/downloads/file/id/-1475570381,User´s Manual,U305 BPL,Series,https://www.ld-systems.com/en/widgets/SupportAndDownloads,ld-systems.com,LD Systems,en
https://www.ld-systems.com/en/downloads/file/id/204899979,User´s Manual,U305 BP,Series,https://www.ld-systems.com/en/widgets/SupportAndDownloads,ld-systems.com,LD Systems,en
https://www.ld-systems.com/en/downloads/file/id/1730916015,User´s Manual,CURV 500 SECURITY KIT 2,Series,https://www.ld-systems.com/en/widgets/SupportAndDownloads,ld-systems.com,LD Systems,en
https://www.ld-systems.com/en/downloads/file/id/1819998229,User´s Manual,CURV 500 SECURITY KIT 1 W,Series,https://www.ld-systems.com/en/widgets/SupportAndDownloads,ld-systems.com,LD Systems,en
https://www.ld-systems.com/en/downloads/file/id/1302228111,User´s Manual,CURV 500 SECURITY KIT 1,Series,https://www.ld-systems.com/en/widgets/SupportAndDownloads,ld-systems.com,LD Systems,en
https://www.ld-systems.com/en/downloads/file/id/-800728608,User´s Manual,ROADBUDDY 10 BPH 2 B5,Series,https://www.ld-systems.com/en/widgets/SupportAndDownloads,ld-systems.com,LD Systems,en
https://www.ld-systems.com/en/downloads/file/id/-1086311111,User´s Manual,MIX 6 G3,Series,https://www.ld-systems.com/en/widgets/SupportAndDownloads,ld-systems.com,LD Systems,en
https://www.ld-systems.com/en/downloads/file/id/-579749376,User´s Manual,ROADBUDDY 10 BPH 2,Series,https://www.ld-systems.com/en/widgets/SupportAndDownloads,ld-systems.com,LD Systems,en
https://www.ld-systems.com/en/downloads/file/id/1127857059,User´s Manual,CURV 500 D SAT W,Series,https://www.ld-systems.com/en/widgets/SupportAndDownloads,ld-systems.com,LD Systems,en
https://www.ld-systems.com/en/downloads/file/id/1035812791,User´s Manual,CURV 500 D SAT,Series,https://www.ld-systems.com/en/widgets/SupportAndDownloads,ld-systems.com,LD Systems,en
https://www.ld-systems.com/en/downloads/file/id/1346894963,User´s Manual,MIX 10 G3,Series,https://www.ld-systems.com/en/widgets/SupportAndDownloads,ld-systems.com,LD Systems,en
https://www.ld-systems.com/en/downloads/file/id/1658975166,User´s Manual,SAT 262 G2 WMB,Series,https://www.ld-systems.com/en/widgets/SupportAndDownloads,ld-systems.com,LD Systems,en
https://www.ld-systems.com/en/downloads/file/id/-50954110,User´s Manual,SAT 262 G2 WMB W,Series,https://www.ld-systems.com/en/widgets/SupportAndDownloads,ld-systems.com,LD Systems,en
https://www.ld-systems.com/en/downloads/file/id/2114393715,User´s Manual,SAT 262 G2,Series,https://www.ld-systems.com/en/widgets/SupportAndDownloads,ld-systems.com,LD Systems,en
https://www.ld-systems.com/en/downloads/file/id/-974984478,User´s Manual,SAT 122 G2 WMB W,Series,https://www.ld-systems.com/en/widgets/SupportAndDownloads,ld-systems.com,LD Systems,en
https://www.ld-systems.com/en/downloads/file/id/933531524,User´s Manual,SAT 122 G2 WMB,Series,https://www.ld-systems.com/en/widgets/SupportAndDownloads,ld-systems.com,LD Systems,en
https://www.ld-systems.com/en/downloads/file/id/-905072862,User´s Manual,SAT 102 G2 WMB W,Series,https://www.ld-systems.com/en/widgets/SupportAndDownloads,ld-systems.com,LD Systems,en
https://www.ld-systems.com/en/downloads/file/id/-1684902776,User´s Manual,SAT 102 G2 WMB,Series,https://www.ld-systems.com/en/widgets/SupportAndDownloads,ld-systems.com,LD Systems,en
https://www.ld-systems.com/en/downloads/file/id/-1978143722,User´s Manual,MAUI 28 G2 W,Series,https://www.ld-systems.com/en/widgets/SupportAndDownloads,ld-systems.com,LD Systems,en
https://www.ld-systems.com/en/downloads/file/id/-1663648821,User´s manual,Roadman 102 HS,Series,https://www.ld-systems.com/en/widgets/SupportAndDownloads,ld-systems.com,LD Systems,en
https://www.ld-systems.com/en/downloads/file/id/-1185867103,User´s manual,Roadman 102,Series,https://www.ld-systems.com/en/widgets/SupportAndDownloads,ld-systems.com,LD Systems,en
https://www.ld-systems.com/en/downloads/file/id/1966320083,User´s manual,Roadboy 65 SP,Series,https://www.ld-systems.com/en/widgets/SupportAndDownloads,ld-systems.com,LD Systems,en
https://www.ld-systems.com/en/downloads/file/id/1768545811,User´s manual,Roadboy 65 HS,Series,https://www.ld-systems.com/en/widgets/SupportAndDownloads,ld-systems.com,LD Systems,en
https://www.ld-systems.com/en/downloads/file/id/210337011,User´s manual,Roadboy 65,Series,https://www.ld-systems.com/en/widgets/SupportAndDownloads,ld-systems.com,LD Systems,en
https://www.ld-systems.com/en/downloads/file/id/1990087605,User´s Manual,MEI 100 G2,Series,https://www.ld-systems.com/en/widgets/SupportAndDownloads,ld-systems.com,LD Systems,en
https://www.ld-systems.com/en/downloads/file/id/1747661115,User´s Manual,MAUI 5 W,Series,https://www.ld-systems.com/en/widgets/SupportAndDownloads,ld-systems.com,LD Systems,en
https://www.ld-systems.com/en/downloads/file/id/-1582703252,User´s Manual,MAUI 5,Series,https://www.ld-systems.com/en/widgets/SupportAndDownloads,ld-systems.com,LD Systems,en
https://www.ld-systems.com/en/downloads/file/id/1234878029,User´s Manual,DEEP2 600,Series,https://www.ld-systems.com/en/widgets/SupportAndDownloads,ld-systems.com,LD Systems,en
https://www.ld-systems.com/en/downloads/file/id/173406439,User´s Manual,DEEP2 4950,Series,https://www.ld-systems.com/en/widgets/SupportAndDownloads,ld-systems.com,LD Systems,en
https://www.ld-systems.com/en/downloads/file/id/-221965235,User´s Manual,DEEP2 2400 X,Series,https://www.ld-systems.com/en/widgets/SupportAndDownloads,ld-systems.com,LD Systems,en
https://www.ld-systems.com/en/downloads/file/id/-1010692473,User´s Manual,DEEP2 1600,Series,https://www.ld-systems.com/en/widgets/SupportAndDownloads,ld-systems.com,LD Systems,en
https://www.ld-systems.com/en/downloads/file/id/1864566031,User´s manual,DAVE 8 XS W,Series,https://www.ld-systems.com/en/widgets/SupportAndDownloads,ld-systems.com,LD Systems,en
https://www.ld-systems.com/en/downloads/file/id/-1232045389,User´s manual,DAVE 8 XS,Series,https://www.ld-systems.com/en/widgets/SupportAndDownloads,ld-systems.com,LD Systems,en
https://www.ld-systems.com/en/downloads/file/id/-288895439,User´s manual,DAVE 8 ROADIE,Series,https://www.ld-systems.com/en/widgets/SupportAndDownloads,ld-systems.com,LD Systems,en
https://www.ld-systems.com/en/downloads/file/id/-1513484057,User´s manual,DAVE 15 G3,Series,https://www.ld-systems.com/en/widgets/SupportAndDownloads,ld-systems.com,LD Systems,en
https://www.ld-systems.com/en/downloads/file/id/-358730607,User´s Manual,DAVE 12 G3,Series,https://www.ld-systems.com/en/widgets/SupportAndDownloads,ld-systems.com,LD Systems,en
https://www.ld-systems.com/en/downloads/file/id/1532374540,User´s manual,DAVE 10 G3,Series,https://www.ld-systems.com/en/widgets/SupportAndDownloads,ld-systems.com,LD Systems,en
https://www.ld-systems.com/en/downloads/file/id/1868582143,User´s Manual,CURV 500 S2,Series,https://www.ld-systems.com/en/widgets/SupportAndDownloads,ld-systems.com,LD Systems,en
https://www.ld-systems.com/en/downloads/file/id/2045966078,User´s manual,CURV 500 I SUB,Series,https://www.ld-systems.com/en/widgets/SupportAndDownloads,ld-systems.com,LD Systems,en
https://www.ld-systems.com/en/downloads/file/id/481423072,User´s manual,CURV 500 I SUB W,Series,https://www.ld-systems.com/en/widgets/SupportAndDownloads,ld-systems.com,LD Systems,en
https://www.ld-systems.com/en/downloads/file/id/1656629996,User´s Manual,CURV 500 I AMP,Series,https://www.ld-systems.com/en/widgets/SupportAndDownloads,ld-systems.com,LD Systems,en
https://www.ld-systems.com/en/downloads/file/id/-1234459392,User´s Manual,CICS 62,Series,https://www.ld-systems.com/en/widgets/SupportAndDownloads,ld-systems.com,LD Systems,en
https://www.ld-systems.com/en/downloads/file/id/757243882,User´s manual,CURV 500 AVS,Series,https://www.ld-systems.com/en/widgets/SupportAndDownloads,ld-systems.com,LD Systems,en
https://www.ld-systems.com/en/downloads/file/id/-539963283,User´s Manual,FX 300 SET,Audio-Tools & - Sources,https://www.ld-systems.com/en/widgets/SupportAndDownloads,ld-systems.com,LD Systems,en
https://www.ld-systems.com/en/downloads/file/id/1435937043,User´s Manual,FX 300,Audio-Tools & - Sources,https://www.ld-systems.com/en/widgets/SupportAndDownloads,ld-systems.com,LD Systems,en
https://www.ld-systems.com/en/downloads/file/id/1887066402,User´s Manual,DSP 45 K PB,Integrated Systems,https://www.ld-systems.com/en/widgets/SupportAndDownloads,ld-systems.com,LD Systems,en
https://www.ld-systems.com/en/downloads/file/id/-727497790,User´s Manual,DSP 44 K PB,Integrated Systems,https://www.ld-systems.com/en/widgets/SupportAndDownloads,ld-systems.com,LD Systems,en
https://www.ld-systems.com/en/downloads/file/id/932222536,User´s Manual,IE HP 2,Wireless In-Ear Monitoring,https://www.ld-systems.com/en/widgets/SupportAndDownloads,ld-systems.com,LD Systems,en
https://www.ld-systems.com/en/downloads/file/id/1807102863,User´s Manual,LDI 02,Audio-Tools & - Sources,https://www.ld-systems.com/en/widgets/SupportAndDownloads,ld-systems.com,LD Systems,en
https://www.ld-systems.com/en/downloads/file/id/1639856067,User´s manual,X 223,Audio-Tools & - Sources,https://www.ld-systems.com/en/widgets/SupportAndDownloads,ld-systems.com,LD Systems,en
